{"cameraMode":{"drawMode":0,"name":"Shaded","section":"Shading Mode"},"sceneLighting":true,"audioPlay":false,"sceneViewState":{"m_AlwaysRefresh":false,"showFog":true,"showSkybox":true,"showFlares":true,"showImageEffects":true,"showParticleSystems":true,"showVisualEffectGraphs":true,"m_FxEnabled":true},"in2DMode":false,"pivot":{"x":1.7199660539627076,"y":-4.639981269836426,"z":23.17790985107422},"rotation":{"x":-0.11548007279634476,"y":-0.03516094759106636,"z":0.004085016902536154,"w":-0.9926965832710266},"size":12.396098136901856,"orthographic":false}